test_example_id,predicted_category
0,f
1,f
2,m
3,f
4,m
5,m
6,f
7,m
8,f
9,f
10,m
11,m
12,f
13,m
14,m
15,m
16,m
17,f
18,m
19,f
20,m
21,m
22,m
23,m
24,f
25,m
26,m
27,m
28,f
29,m
30,f
31,m
32,m
33,f
34,m
35,m
36,m
37,f
38,f
39,f
40,m
41,m
42,f
43,m
44,m
45,f
46,f
47,f
48,f
49,f
50,m
51,m
52,f
53,m
54,f
55,m
56,f
57,m
58,f
59,f
60,f
61,f
62,m
63,f
64,m
65,m
66,f
67,f
68,m
69,m
70,m
71,m
72,m
73,m
74,m
75,m
76,f
77,m
78,m
79,m
80,m
81,m
82,f
83,f
84,m
85,m
86,m
87,f
88,f
89,m
90,m
91,f
92,f
93,m
94,m
95,m
96,m
97,f
98,m
99,f
100,m
101,m
102,f
103,f
104,f
105,f
106,m
107,f
108,m
109,m
110,m
111,f
112,f
113,m
114,f
115,m
116,m
117,f
118,f
119,m
120,m
121,m
122,f
123,m
124,m
125,m
126,m
127,m
128,m
129,f
130,m
131,f
132,m
133,f
134,m
135,m
136,m
137,m
138,m
139,m
140,f
141,f
142,f
143,m
144,f
145,f
146,m
147,f
148,m
149,m
150,m
151,f
152,m
153,f
154,m
155,m
156,m
157,m
158,f
159,f
160,f
161,f
162,f
163,m
164,f
165,f
166,m
167,m
168,m
169,f
170,m
171,f
172,m
173,m
174,m
175,f
176,f
177,m
178,m
179,m
180,f
181,m
182,f
183,f
184,m
185,f
186,m
187,m
188,m
189,m
190,f
191,f
192,m
193,m
194,f
195,m
196,f
197,f
198,m
199,m
200,f
201,m
202,m
203,m
204,m
205,m
206,m
207,m
208,m
209,m
210,f
211,m
212,m
213,m
214,m
215,m
216,m
217,m
218,m
219,m
220,m
221,m
222,m
223,f
224,m
225,m
226,m
227,f
228,m
229,m
230,m
231,f
232,m
233,f
234,m
235,m
236,m
237,m
238,m
239,m
240,m
241,m
242,f
243,f
244,m
245,f
246,f
247,f
248,m
249,m
250,m
251,m
252,m
253,m
254,m
255,f
256,f
257,m
258,m
259,m
260,f
261,m
262,m
263,m
264,f
265,m
266,f
267,f
268,f
269,f
270,f
271,f
272,f
273,m
274,m
275,m
276,f
277,m
278,f
279,f
280,f
281,m
282,m
283,m
284,f
285,m
286,m
287,m
288,f
289,m
290,f
291,f
292,m
293,m
294,f
295,m
296,f
297,f
298,f
299,m
300,m
301,m
302,f
303,m
304,m
305,f
306,m
307,m
308,f
309,f
310,f
311,f
312,f
313,m
314,f
315,f
316,m
317,f
318,f
319,m
320,m
321,m
322,f
